Name,Mean,MeanLB,MeanUB,Stddev,StddevLB,StddevUB
04-giant_squid/parse input,3.326384430233823e-3,3.321255892643864e-3,3.335746395016278e-3,2.0987612281066255e-5,1.4522154036271796e-5,3.278001064232335e-5
04-giant_squid/part 1,2.4347290516829037e-3,2.4283369059430703e-3,2.4413424699080734e-3,2.1494740267270413e-5,1.821756997148901e-5,2.655267196852476e-5
04-giant_squid/part 2,6.188735591624899e-3,6.1697969250463e-3,6.212416978726132e-3,6.676086253589205e-5,5.0961522433201276e-5,9.859936727196162e-5
