Name,Mean,MeanLB,MeanUB,Stddev,StddevLB,StddevUB
02-dive/parse input,4.3773237443858965e-3,4.371666122824762e-3,4.383496388321861e-3,1.9205013000802983e-5,1.5302726068361213e-5,2.525488148318372e-5
02-dive/part 1,1.3316262860149824e-5,1.3304511691407212e-5,1.3330106322764254e-5,4.3478260802301505e-8,3.289998913461709e-8,6.046967083307175e-8
02-dive/part 2,2.0589023155822548e-5,2.0548807759081384e-5,2.0632054228002705e-5,1.4229449690444809e-7,1.1191252571012598e-7,1.885634634243461e-7
