Name,Mean,MeanLB,MeanUB,Stddev,StddevLB,StddevUB
03-binary-diagnostic/parse input,2.2202538041293926e-4,2.2153200705798333e-4,2.2287524362866036e-4,2.147441012518196e-6,1.4594595342240287e-6,3.3256908997078564e-6
03-binary-diagnostic/part 1,1.920541190300818e-3,1.9192801655642834e-3,1.9219308541527278e-3,4.432490239192453e-6,3.776886688894903e-6,5.7138836896763025e-6
03-binary-diagnostic/part 2,6.895584938085446e-4,6.874115067850782e-4,6.922786020485147e-4,8.220157378444326e-6,6.645480027314613e-6,1.0414262562641737e-5
