Name,Mean,MeanLB,MeanUB,Stddev,StddevLB,StddevUB
01-sonar_sweep/parse input,2.278105591571936e-3,2.2754157214979866e-3,2.28098270122548e-3,9.183121074644193e-6,7.54416791879747e-6,1.1492086329450512e-5
01-sonar_sweep/part 1,1.3575893960057386e-5,1.3571761103637902e-5,1.3583389356984635e-5,1.8208979791007833e-8,1.1405540367289611e-8,3.1215689686988715e-8
01-sonar_sweep/part 2,5.866338572492833e-5,5.857976864836269e-5,5.878573844481596e-5,3.2464152423507536e-7,2.5247070588065486e-7,4.200685763977689e-7
