Name,Mean,MeanLB,MeanUB,Stddev,StddevLB,StddevUB
05-hydrothermal_venture/parse input,3.0068139574487415e-3,2.997419151238321e-3,3.01878839070915e-3,3.432119819975018e-5,2.694501043485991e-5,4.2794384369044314e-5
05-hydrothermal_venture/part 1,4.7956611237235235e-2,4.707822960815987e-2,4.927901824849092e-2,2.0593336760856935e-3,1.2298405577235438e-3,2.7779108679983405e-3
05-hydrothermal_venture/part 2,9.27729045038525e-2,9.173398795845757e-2,9.59623223800727e-2,2.5805804025294207e-3,7.91355352134056e-4,4.074137282661405e-3
